{
  "accuracy": 0.8317307692307693,
  "precision": 0.7890466531440162,
  "recall": 0.9974358974358974,
  "f1_score": 0.8810872027180068,
  "roc_auc": 0.9624315143545913
}