accuracy,precision,recall,f1_score,roc_auc
0.8317307692307693,0.7890466531440162,0.9974358974358974,0.8810872027180068,0.9624315143545913
