{
  "temperature": 1.5167810916900635,
  "brier_before": 0.06937737353089848,
  "brier_after": 0.06713907895313145
}